{"count":1,"self":25347.0654464,"total":27640.8981746,"children":{"InitializeActuators":{"count":1,"self":0.0020103,"total":0.0020103,"children":null},"InitializeSensors":{"count":1,"self":0.0009981,"total":0.0009981,"children":null},"AgentSendState":{"count":2042918,"self":3.71669,"total":27.3761732,"children":{"CollectObservations":{"count":408584,"self":11.389726399999999,"total":11.389726099999999,"children":null},"WriteActionMask":{"count":408584,"self":1.2744191999999999,"total":1.2744191999999999,"children":null},"RequestDecision":{"count":408584,"self":2.5011512,"total":10.995338,"children":{"AgentInfo.ToProto":{"count":408584,"self":2.5893455999999997,"total":8.4941867,"children":{"GenerateSensorData":{"count":408584,"self":5.9048408,"total":5.9048409999999993,"children":null}}}}}}},"DecideAction":{"count":2042918,"self":2226.803712,"total":2226.8036488,"children":null},"AgentAct":{"count":2042918,"self":39.6168672,"total":39.6500616,"children":{"AgentInfo.ToProto":{"count":756,"self":0.0084876999999999991,"total":0.033194999999999995,"children":{"GenerateSensorData":{"count":756,"self":0.024707299999999998,"total":0.024707299999999998,"children":null}}}}}},"gauges":{"SkillIntro_VsMelee.CumulativeReward":{"count":756,"max":34.74314,"min":-310.551941,"runningAverage":-93.852684,"value":-169.564484,"weightedAverage":-113.087784}},"metadata":{"timer_format_version":"0.1.0","start_time_seconds":"1777797335","unity_version":"6000.3.11f1","command_line_arguments":"C:\\Program Files\\Unity Hub\\Editor\\6000.3.11f1\\Editor\\Unity.exe -projectpath C:\\Users\\paek6\\Downloads\\Buildup\\Buildup -acceptSoftwareTermsForThisRunOnly -useHub -hubIPC -cloudEnvironment production","communication_protocol_version":"1.5.0","com.unity.ml-agents_version":"4.0.2","scene_name":"Chapter1","end_time_seconds":"1777824976"}}